[{"nome": "Megamente", "ano": 2010, "censura": "Livre", "genero": "Animacao", "diretor": "Tom McGrath", "elenco": "Will Ferrell, Tina Fey, Jonah Hill, David Cross e Brad Pitt ", "nota(imdb)": 7.2}, {"nome": "Titanic", "ano": 1997, "censura": "14", "genero": "Drama", "diretor": "James Cameron", "elenco": "Leonardo Dicaprio, Billy Zane, Kate Winslet, Frances Fisher, Kathy Bates, Gloria Stuart, Bill Paxton, Victor Garber ", "nota(imdb)": 8.1}, {"nome": "Vingadores: Guerra infinita", "ano": 2018, "censura": "12", "genero": "Acao", "diretor": "Anthony Russo, Joe Russo", "elenco": "Josh Brolin,Chris Pratt, Tom Hiddleston, Chadwick Boseman, Elizabeth Olsen, Paul Bettany, Anthony Mackie, Stan Sebastian, Dave Bautista, Vin Diesel, Bradley Cooper, Robert Downey Jr., Pom Klementieff, Tom Holland, Chris Hemsworth, Chris Evans, Scarlett Johansson, Mark Ruffalo, Benedict Cumberbatch, Zoe Saldana", "nota(imdb)": 8.5}, {"nome": "O Quarto de Jack", "ano": 2016, "censura": "12", "genero": "Drama", "diretor": "Lenny Abrahamson", "elenco": "Brie Larson ,Jacob Tremblay,Joan Allen,William H. Macy ,Sean Bridgers ,Megan Park ,Cas Anvar ,Amanda Brugel ,Joe Pingue ,Tom McCamus ,Wendy Crewson ", "nota(imdb)": 8.2}, {"nome": "Sing Quem Canta Seus Males Espanta", "ano": 2016, "censura": "Livre", "genero": "Animacao", "diretor": "Garth Jennings", "elenco": "Matthew McConaughey,Reese Witherspoon,Seth MacFarlane,Scarlett Johansson,John C. Reilly,Taron Egerton,Tori Kelly,Jennifer Saunders,Garth Jennings,Peter Serafinowicz", "nota(imdb)": 7.1}, {"nome": "Questao de tempo", "ano": 2013, "censura": "12", "genero": "Romance", "diretor": "Richard Curtis", "elenco": "Rachel McAdams, Bill Nighy, Domhnall Gleeson, Tom Hollander, Margot Robbie, Lindsay Duncan, Lee Asquith-Coe, Vanessa Kirby, Lisa Eichhorn, Lydia Wilson, Matthew C. Martino", "nota(imdb)": 7.8}, {"nome": "Como eu era antes de voce", "ano": 2016, "censura": "12", "genero": "Romance", "diretor": "Thea Sharrock", "elenco": "Emilia Clarke,Sam Claflin ,Jenna Coleman,Matthew Lewis,Charles Dance,Janet McTeer ,Brendan Coyle,Steve Peacocke ,Vanessa Kirby", "nota(imdb)": 7.4}, {"nome": "Juntos pelo Acaso", "ano": 2010, "censura": "14", "genero": "Romance", "diretor": "Greg Berlanti", "elenco": "Katherine Heigl, Josh Duhamel, Christina Hendricks, Josh Lucas, Jean Smart, Melissa McCarthy, Faizon Love, Majandra Delfino, Alexis Clagett, Hayes MacArthur, Johanna Jowett", "nota(imdb)": 6.5}, {"nome": "Meu Malvado Favorito 3", "ano": 2017, "censura": "Livre", "genero": "Animacao", "diretor": "Kyle Balda, Pierre Coffin", "elenco": "Nev Scharrel,Kristen Wiig,Steve Carell,Miranda Cosgrove,Jenny Slate", "nota(imdb)": 6.3}, {"nome": "Marley e Eu", "ano": 2008, "censura": "12", "genero": "Comedia", "diretor": "David Frankel", "elenco": "Haley Bennett , Owen Wilson, Alan Arkin, Jennifer Aniston, Nathan Gamble, Kathleen Turner, Eric Dane, Sarah Kelly ", "nota(imdb)": 7.1}]